department,avg_salary
Finance,99659.73936651571
HR,93123.40629441624
IT,93728.43374358967
Marketing,94590.08261780102
Operations,94860.75265306127
department,NULL
